claim_id,patient_id,provider_id,icd10_codes,cpt_codes,billed_amount,approved_amount,claim_date,plan_type,prior_auth_required,prior_auth_obtained,fraud_label
CLM-00001,PAT-0129,PRV-021,S06.0X0A,99213,202.93,193.11,2025-08-04,Basic,False,True,False
CLM-00002,PAT-0173,PRV-004,T14.90,99406,149.45,94.58,2026-04-27,Enhanced,False,True,False
CLM-00003,PAT-0148,PRV-039,F32.9,99213,197.39,165.96,2025-12-21,Comprehensive,False,True,False
CLM-00004,PAT-0075,PRV-028,K02.9,99213,137.06,134.22,2025-10-01,Comprehensive,False,True,False
CLM-00005,PAT-0087,PRV-009,E66.9,85025,101.17,88.08,2025-12-04,Enhanced,False,True,False
CLM-00006,PAT-0141,PRV-004,L30.9,17000,315.35,250.72,2026-03-17,Basic,False,True,False
CLM-00007,PAT-0129,PRV-026,L70.0,96910,217.89,171.95,2026-01-10,Thiqa,False,True,False
CLM-00008,PAT-0124,PRV-009,F32.9,99285,2341.39,1471.27,2025-09-10,Comprehensive,False,True,False
CLM-00009,PAT-0167,PRV-026,C50.919,81001,68.35,42.26,2025-08-30,Basic,False,True,False
CLM-00010,PAT-0189,PRV-040,F32.9,99213,217.15,159.07,2026-06-27,Basic,False,True,False
CLM-00011,PAT-0189,PRV-040,E78.5,93458,14225.2,2672.88,2026-06-27,Basic,True,True,True
CLM-00012,PAT-0189,PRV-040,L70.0,17000,334.24,63.41,2026-06-27,Basic,False,True,True
CLM-00013,PAT-0023,PRV-037,E66.9,99284,604.4,364.49,2026-01-05,Enhanced,False,True,False
CLM-00014,PAT-0090,PRV-024,S52.501A,99285,2719.06,1941.31,2025-08-12,Basic,False,True,False
CLM-00015,PAT-0168,PRV-039,E78.5,99285,2229.69,1795.05,2026-03-02,Enhanced,False,True,False
CLM-00016,PAT-0090,PRV-011,C34.90,85025,81.76,51.9,2026-02-18,Basic,False,True,False
CLM-00017,PAT-0113,PRV-010,E78.5,99203,254.42,242.19,2026-06-09,Enhanced,False,True,False
CLM-00018,PAT-0176,PRV-013,R50.9,94640,139.23,39.11,2025-08-08,Enhanced,False,True,True
CLM-00019,PAT-0029,PRV-006,S06.0X0A,99284,1343.54,894.91,2026-05-29,Comprehensive,False,True,False
CLM-00020,PAT-0238,PRV-040,J06.9,94010,302.76,291.57,2025-07-19,Enhanced,False,True,False
CLM-00021,PAT-0178,PRV-022,K08.9,81001,80.48,57.84,2026-03-25,Thiqa,False,True,False
CLM-00022,PAT-0121,PRV-029,I25.10,99214,308.21,291.31,2026-03-07,Thiqa,False,True,False
CLM-00023,PAT-0055,PRV-035,M25.561,12002,403.04,251.42,2025-12-05,Basic,False,True,False
CLM-00024,PAT-0141,PRV-017,F32.9,66984,9053.55,2898.42,2026-06-03,Enhanced,True,True,True
CLM-00025,PAT-0178,PRV-010,S06.0X0A,70450,1555.95,1275.62,2025-11-24,Thiqa,False,True,False
CLM-00026,PAT-0232,PRV-038,N39.0,99214,212.03,157.31,2026-05-28,Comprehensive,False,True,False
CLM-00027,PAT-0044,PRV-017,I25.10,99214,301.8,224.77,2026-04-11,Comprehensive,False,True,False
CLM-00028,PAT-0070,PRV-040,I48.91,93000,225.32,147.71,2026-03-23,Enhanced,False,True,False
CLM-00029,PAT-0100,PRV-005,R05,99284,6646.36,1924.71,2025-08-08,Basic,False,True,True
CLM-00030,PAT-0005,PRV-007,O26.90,36415,41.2,38.38,2025-07-02,Basic,False,True,False
CLM-00031,PAT-0098,PRV-015,F32.9,36430,609.37,437.54,2026-03-15,Comprehensive,True,True,False
CLM-00032,PAT-0125,PRV-021,H10.9,81001,63.96,61.66,2026-04-27,Enhanced,False,True,False
CLM-00033,PAT-0048,PRV-006,M25.561,36415,33.73,30.08,2025-11-04,Thiqa,False,True,False
CLM-00034,PAT-0238,PRV-036,S06.0X0A,99285,1897.31,1784.87,2026-04-10,Thiqa,False,True,False
CLM-00035,PAT-0237,PRV-016,F41.9,99203,222.88,204.07,2025-09-11,Enhanced,False,True,False
CLM-00036,PAT-0101,PRV-032,S06.0X0A,99284,907.39,707.81,2026-06-19,Enhanced,False,True,False
CLM-00037,PAT-0176,PRV-023,J02.9,36415,231.72,29.56,2025-08-10,Enhanced,False,True,True
CLM-00038,PAT-0061,PRV-020,F41.9,12002,310.97,235.46,2026-05-09,Enhanced,False,True,False
CLM-00039,PAT-0161,PRV-004,O80,59400,9334.88,6133.37,2026-04-16,Enhanced,True,True,False
CLM-00040,PAT-0243,PRV-036,Z34.90,58150,29199.67,23561.09,2026-01-09,Comprehensive,True,True,False
CLM-00041,PAT-0230,PRV-022,L70.0,96910,299.0,191.51,2025-11-03,Enhanced,False,True,False
CLM-00042,PAT-0187,PRV-006,L70.0,36415,28.72,28.58,2025-12-23,Thiqa,False,True,False
CLM-00043,PAT-0224,PRV-040,B34.9,36430,712.44,435.31,2025-10-21,Enhanced,True,True,False
CLM-00044,PAT-0062,PRV-027,C50.919,99284,708.63,453.33,2025-09-13,Enhanced,False,True,False
CLM-00045,PAT-0233,PRV-020,C34.90,99285,1898.38,1260.54,2026-06-28,Basic,False,True,False
CLM-00046,PAT-0034,PRV-035,M79.7,97110,122.06,97.05,2026-05-11,Basic,False,True,False
CLM-00047,PAT-0139,PRV-038,R51,85025,59.29,58.24,2025-10-30,Basic,False,True,False
CLM-00048,PAT-0177,PRV-020,S06.0X0A,12002,477.65,476.67,2025-09-25,Basic,False,True,False
CLM-00049,PAT-0168,PRV-010,C50.919,99203,220.38,216.95,2026-04-11,Enhanced,False,True,False
CLM-00050,PAT-0143,PRV-005,F32.9,96127,245.61,223.36,2025-10-17,Enhanced,False,True,False
CLM-00051,PAT-0215,PRV-021,J45.909,81001,71.94,48.01,2026-05-01,Comprehensive,False,True,False
CLM-00052,PAT-0247,PRV-027,L30.9,99285,1992.79,1436.67,2026-06-08,Basic,False,True,False
CLM-00053,PAT-0039,PRV-018,K08.9,D2740,1801.19,1568.76,2025-08-20,Basic,True,True,False
CLM-00054,PAT-0048,PRV-009,E78.5,99284,1046.17,773.03,2025-11-16,Basic,False,True,False
CLM-00055,PAT-0048,PRV-009,F32.9,96127,187.45,74.96,2025-11-16,Basic,False,True,True
CLM-00056,PAT-0048,PRV-009,C50.919,77067,475.26,155.27,2025-11-16,Basic,False,True,True
CLM-00057,PAT-0048,PRV-009,H52.10,92014,191.46,59.92,2025-11-16,Basic,False,True,True
CLM-00058,PAT-0177,PRV-006,K02.9,99213,182.34,150.93,2026-06-03,Thiqa,False,True,False
CLM-00059,PAT-0217,PRV-033,C34.90,70450,1703.9,1123.2,2025-12-12,Enhanced,False,True,False
CLM-00060,PAT-0048,PRV-024,H52.10,99285,2177.44,1504.83,2025-10-09,Comprehensive,False,True,False
CLM-00061,PAT-0036,PRV-031,J18.9,99203,263.88,195.64,2025-10-25,Comprehensive,False,True,False
CLM-00062,PAT-0105,PRV-003,K08.9,99285,1435.17,1314.91,2026-03-03,Enhanced,False,True,False
CLM-00063,PAT-0057,PRV-027,S06.0X0A,99203,218.61,207.86,2025-12-31,Basic,False,True,False
CLM-00064,PAT-0046,PRV-005,K29.70,66984,14592.9,546.78,2025-07-17,Comprehensive,True,True,True
CLM-00065,PAT-0177,PRV-032,J02.9,36430,1070.99,765.02,2025-09-08,Thiqa,True,True,False
CLM-00066,PAT-0110,PRV-016,L20.9,85025,85.3,71.85,2026-02-01,Basic,False,True,False
CLM-00067,PAT-0185,PRV-025,J02.9,85025,108.06,103.5,2026-02-27,Comprehensive,False,True,False
CLM-00068,PAT-0153,PRV-037,F32.9,81001,89.65,81.21,2025-09-30,Enhanced,False,True,False
CLM-00069,PAT-0116,PRV-007,K21.9,36430,981.19,612.06,2026-06-30,Enhanced,True,False,False
CLM-00070,PAT-0133,PRV-016,F41.9,70450,1831.67,1753.34,2026-06-02,Basic,False,True,False
CLM-00071,PAT-0143,PRV-003,L70.0,12002,2458.47,30.28,2026-04-20,Basic,False,True,True
CLM-00072,PAT-0049,PRV-004,O80,36415,57.06,34.67,2026-01-05,Comprehensive,False,True,False
CLM-00073,PAT-0199,PRV-020,H52.10,99285,1254.99,1190.76,2026-06-14,Enhanced,False,True,False
CLM-00074,PAT-0109,PRV-011,O26.90,59510,18191.54,16768.5,2026-05-16,Enhanced,True,True,False
CLM-00075,PAT-0232,PRV-034,J44.9,12002,511.43,469.16,2025-12-31,Basic,False,True,False
CLM-00076,PAT-0185,PRV-006,F32.9,96127,249.2,158.47,2026-03-21,Comprehensive,False,True,False
CLM-00077,PAT-0241,PRV-038,S06.0X0A,70450,1711.66,1598.1,2025-09-05,Basic,False,True,False
CLM-00078,PAT-0083,PRV-027,K21.9,74176,1409.07,1308.7,2025-08-06,Thiqa,True,False,False
CLM-00079,PAT-0152,PRV-030,S06.0X0A,99406,164.59,139.15,2026-03-14,Thiqa,False,True,False
CLM-00080,PAT-0065,PRV-006,R50.9,36415,48.93,34.84,2026-03-22,Basic,False,True,False
CLM-00081,PAT-0184,PRV-011,S06.0X0A,70450,1236.75,1013.7,2026-06-23,Thiqa,False,True,False
CLM-00082,PAT-0181,PRV-008,K59.00,99203,277.69,167.29,2025-12-20,Enhanced,False,True,False
CLM-00083,PAT-0135,PRV-006,T14.90,99214,244.93,154.49,2026-06-23,Basic,False,True,False
CLM-00084,PAT-0141,PRV-025,L20.9,12002,396.89,314.06,2026-02-19,Enhanced,False,True,False
CLM-00085,PAT-0234,PRV-011,R50.9,99406,146.69,100.4,2025-07-13,Basic,False,True,False
CLM-00086,PAT-0042,PRV-010,H52.4,66984,14433.82,13891.75,2026-01-31,Comprehensive,True,True,False
CLM-00087,PAT-0108,PRV-004,O80,12002,636.89,521.99,2025-08-22,Basic,False,True,False
CLM-00088,PAT-0161,PRV-019,J45.909,95810,4008.73,3444.01,2026-03-26,Basic,True,True,False
CLM-00089,PAT-0001,PRV-013,C34.90,77067,759.9,719.45,2026-06-02,Basic,False,True,False
CLM-00090,PAT-0128,PRV-030,H52.10,81001,44.31,38.68,2025-08-23,Enhanced,False,True,False
CLM-00091,PAT-0156,PRV-001,K21.9,99213,200.4,164.53,2025-08-22,Basic,False,True,False
CLM-00092,PAT-0169,PRV-038,K29.70,99284,1333.43,1184.44,2026-01-21,Enhanced,False,True,False
CLM-00093,PAT-0021,PRV-029,C50.919,99213,133.38,113.62,2026-04-16,Enhanced,False,True,False
CLM-00094,PAT-0072,PRV-036,C50.919,77067,601.22,385.44,2026-01-20,Basic,False,True,False
CLM-00095,PAT-0038,PRV-012,I63.9,85025,53.75,38.19,2026-06-14,Basic,False,True,False
CLM-00096,PAT-0038,PRV-003,I25.10,92014,266.65,49.81,2026-06-08,Thiqa,False,True,True
CLM-00097,PAT-0077,PRV-039,Z00.129,90460,88.46,56.68,2026-05-16,Basic,False,True,False
CLM-00098,PAT-0107,PRV-007,J18.9,99285,2216.97,2098.63,2025-11-24,Enhanced,False,True,False
CLM-00099,PAT-0170,PRV-040,S06.0X0A,99406,169.19,130.87,2026-06-03,Enhanced,False,True,False
CLM-00100,PAT-0093,PRV-038,I10,99285,2885.38,2510.44,2025-10-20,Comprehensive,False,True,False
CLM-00101,PAT-0095,PRV-021,L20.9,12002,525.85,511.16,2026-02-03,Basic,False,True,False
CLM-00102,PAT-0216,PRV-028,F32.9,99214,225.04,199.21,2025-12-22,Thiqa,False,True,False
CLM-00103,PAT-0035,PRV-031,E03.9,99203,286.55,280.91,2025-07-24,Thiqa,False,True,False
CLM-00104,PAT-0106,PRV-034,F32.9,70450,1195.86,944.92,2025-10-02,Thiqa,False,True,False
CLM-00105,PAT-0157,PRV-014,I10,36430,638.55,627.52,2026-04-19,Enhanced,True,True,False
CLM-00106,PAT-0124,PRV-006,T14.90,12002,490.39,316.0,2025-08-10,Enhanced,False,True,False
CLM-00107,PAT-0218,PRV-039,J02.9,81001,62.19,38.62,2026-02-12,Enhanced,False,True,False
CLM-00108,PAT-0160,PRV-037,Z00.129,85025,94.17,72.16,2026-01-26,Thiqa,False,True,False
CLM-00109,PAT-0128,PRV-037,F41.9,99285,2383.24,1880.17,2025-11-14,Thiqa,False,True,False
CLM-00110,PAT-0227,PRV-012,C50.919,70450,1645.59,1387.4,2025-10-08,Comprehensive,False,True,False
CLM-00111,PAT-0050,PRV-019,I10,93000,289.62,188.34,2026-02-01,Basic,False,True,False
CLM-00112,PAT-0050,PRV-019,L20.9,96910,228.91,59.04,2026-02-01,Basic,False,True,True
CLM-00113,PAT-0050,PRV-019,H10.9,92014,229.03,65.34,2026-02-01,Basic,False,True,True
CLM-00114,PAT-0106,PRV-027,I25.10,85025,56.83,35.08,2026-06-21,Basic,False,True,False
CLM-00115,PAT-0207,PRV-036,R51,99213,131.15,105.75,2025-08-18,Thiqa,False,True,False
CLM-00116,PAT-0177,PRV-013,O80,76805,744.02,518.4,2025-08-22,Basic,False,True,False
CLM-00117,PAT-0077,PRV-020,F41.9,12002,307.73,199.95,2026-03-15,Comprehensive,False,True,False
CLM-00118,PAT-0030,PRV-001,R05,99203,226.23,217.73,2025-10-19,Enhanced,False,True,False
CLM-00119,PAT-0186,PRV-026,C50.919,99406,126.41,124.56,2025-07-29,Basic,False,True,False
CLM-00120,PAT-0050,PRV-012,J02.9,36430,1209.85,855.24,2026-02-15,Enhanced,True,True,False
CLM-00121,PAT-0235,PRV-031,K21.9,36415,59.04,38.39,2025-09-30,Basic,False,True,False
CLM-00122,PAT-0124,PRV-009,J44.9,81001,62.95,47.03,2026-01-03,Basic,False,True,False
CLM-00123,PAT-0201,PRV-030,H52.10,36430,834.65,673.72,2026-02-09,Basic,True,True,False
CLM-00124,PAT-0214,PRV-004,F41.9,85025,95.65,79.13,2025-11-03,Basic,False,True,False
CLM-00125,PAT-0143,PRV-021,F32.9,99213,207.93,180.95,2025-11-12,Thiqa,False,True,False
CLM-00126,PAT-0176,PRV-037,J02.9,99392,267.48,243.98,2026-03-21,Enhanced,False,True,False
CLM-00127,PAT-0072,PRV-010,H52.4,99203,201.33,193.23,2026-01-30,Enhanced,False,True,False
CLM-00128,PAT-0161,PRV-025,F32.9,85025,69.73,55.34,2025-12-04,Thiqa,False,True,False
CLM-00129,PAT-0100,PRV-039,J30.9,71260,2489.75,1732.03,2026-02-03,Thiqa,True,False,False
CLM-00130,PAT-0181,PRV-020,H52.10,70450,1959.05,1234.68,2026-05-27,Enhanced,False,True,False
CLM-00131,PAT-0070,PRV-003,L20.9,99285,2506.13,2124.93,2025-08-28,Enhanced,False,True,False
CLM-00132,PAT-0096,PRV-016,K29.70,99213,198.13,164.71,2025-07-25,Comprehensive,False,True,False
CLM-00133,PAT-0078,PRV-034,J45.909,85025,92.18,88.73,2025-12-28,Basic,False,True,False
CLM-00134,PAT-0200,PRV-003,M54.5,36415,33.81,32.69,2026-05-17,Basic,False,True,False
CLM-00135,PAT-0007,PRV-033,K02.9,99213,173.88,108.54,2026-01-04,Basic,False,True,False
CLM-00136,PAT-0088,PRV-013,F32.9,D0120,94.73,0.3,2026-04-08,Thiqa,False,True,True
CLM-00137,PAT-0199,PRV-020,Z00.129,12002,353.71,347.76,2026-03-05,Enhanced,False,True,False
CLM-00138,PAT-0211,PRV-007,F32.9,99213,155.43,152.26,2025-07-15,Enhanced,False,True,False
CLM-00139,PAT-0118,PRV-003,L70.0,99406,172.87,156.33,2026-04-20,Comprehensive,False,True,False
CLM-00140,PAT-0030,PRV-034,I25.10,93306,1146.25,763.75,2026-04-28,Enhanced,True,True,False
CLM-00141,PAT-0224,PRV-039,E03.9,99285,13046.09,714.92,2026-02-20,Enhanced,False,True,True
CLM-00142,PAT-0027,PRV-003,F41.9,90834,556.14,387.51,2025-08-19,Comprehensive,False,True,False
CLM-00143,PAT-0195,PRV-037,O26.90,99214,295.48,236.18,2026-03-29,Comprehensive,False,True,False
CLM-00144,PAT-0052,PRV-021,S52.501A,99214,347.17,287.39,2026-01-03,Enhanced,False,True,False
CLM-00145,PAT-0082,PRV-035,K02.9,D2740,3062.96,2099.91,2025-09-27,Basic,True,True,False
CLM-00146,PAT-0039,PRV-018,J06.9,71260,2909.97,2159.25,2026-03-17,Basic,True,True,False
CLM-00147,PAT-0246,PRV-001,C50.919,99213,172.15,170.59,2026-04-25,Thiqa,False,True,False
CLM-00148,PAT-0090,PRV-035,F41.9,99214,328.13,298.35,2025-11-18,Thiqa,False,True,False
CLM-00149,PAT-0242,PRV-010,T14.90,99284,1112.49,964.13,2025-10-02,Basic,False,True,False
CLM-00150,PAT-0019,PRV-011,O26.90,81001,85.81,80.84,2025-09-26,Basic,False,True,False
CLM-00151,PAT-0114,PRV-035,I21.9,93000,267.66,200.96,2025-09-12,Enhanced,False,True,False
CLM-00152,PAT-0232,PRV-031,Z00.00,81001,78.06,53.77,2026-03-12,Enhanced,False,True,False
CLM-00153,PAT-0014,PRV-025,E66.9,99284,1011.75,934.16,2026-05-18,Basic,False,True,False
CLM-00154,PAT-0181,PRV-012,C34.90,85025,52.33,41.46,2025-12-02,Basic,False,True,False
CLM-00155,PAT-0080,PRV-023,Z00.129,70450,1891.52,1251.28,2025-07-10,Thiqa,False,True,False
CLM-00156,PAT-0021,PRV-035,K02.9,99213,219.33,135.54,2025-08-03,Comprehensive,False,True,False
CLM-00157,PAT-0209,PRV-006,K02.9,D2740,2580.25,1581.81,2026-02-26,Thiqa,True,True,False
CLM-00158,PAT-0209,PRV-006,R50.9,99392,292.64,67.56,2026-02-26,Thiqa,False,True,True
CLM-00159,PAT-0209,PRV-006,C34.90,77301,12285.45,3870.16,2026-02-26,Thiqa,True,True,True
CLM-00160,PAT-0060,PRV-031,M17.9,99214,253.79,218.93,2025-12-28,Basic,False,True,False
CLM-00161,PAT-0101,PRV-024,J06.9,81001,92.64,91.69,2025-08-27,Basic,False,True,False
CLM-00162,PAT-0125,PRV-030,I10,99406,619.51,9.65,2026-05-11,Basic,False,True,True
CLM-00163,PAT-0090,PRV-008,K29.70,99406,166.68,118.84,2026-04-04,Basic,False,True,False
CLM-00164,PAT-0073,PRV-011,K02.9,99213,191.92,158.4,2026-01-13,Comprehensive,False,True,False
CLM-00165,PAT-0027,PRV-033,L70.0,12002,603.51,430.3,2025-09-14,Enhanced,False,True,False
CLM-00166,PAT-0084,PRV-007,F32.9,12002,661.5,620.71,2026-04-29,Enhanced,False,True,False
CLM-00167,PAT-0137,PRV-020,K29.70,85025,115.85,110.7,2025-11-09,Enhanced,False,True,False
CLM-00168,PAT-0062,PRV-027,C50.919,81001,75.47,50.9,2025-10-17,Enhanced,False,True,False
CLM-00169,PAT-0250,PRV-011,K29.70,45378,3114.83,2322.86,2025-10-11,Basic,True,True,False
CLM-00170,PAT-0054,PRV-022,H10.9,85025,57.6,53.61,2026-01-11,Basic,False,True,False
CLM-00171,PAT-0201,PRV-028,L70.0,12002,577.45,524.58,2025-12-11,Basic,False,True,False
CLM-00172,PAT-0140,PRV-022,S06.0X0A,99214,277.35,217.81,2026-05-19,Thiqa,False,True,False
CLM-00173,PAT-0190,PRV-005,T14.90,12002,470.09,289.12,2025-10-24,Basic,False,True,False
CLM-00174,PAT-0190,PRV-005,F41.9,96127,182.01,38.73,2025-10-24,Basic,False,True,True
CLM-00175,PAT-0190,PRV-005,Z34.90,58150,23856.47,585.26,2025-10-24,Basic,True,True,True
CLM-00176,PAT-0190,PRV-005,K29.70,43235,3586.53,1037.41,2025-10-24,Basic,True,True,True
CLM-00177,PAT-0018,PRV-026,C50.919,36415,32.17,23.21,2025-10-11,Basic,False,True,False
CLM-00178,PAT-0198,PRV-039,H52.10,99203,187.27,126.68,2025-12-26,Basic,False,True,False
CLM-00179,PAT-0166,PRV-032,Z00.00,99203,238.23,215.27,2026-02-24,Basic,False,True,False
CLM-00180,PAT-0210,PRV-014,J30.9,94010,281.32,248.98,2025-07-30,Enhanced,False,True,False
CLM-00181,PAT-0170,PRV-010,J44.9,99285,1425.64,1047.54,2026-01-22,Thiqa,False,True,False
CLM-00182,PAT-0158,PRV-025,C34.90,99213,218.49,197.01,2026-02-13,Comprehensive,False,True,False
CLM-00183,PAT-0175,PRV-014,J02.9,85025,61.97,46.62,2025-11-26,Enhanced,False,True,False
CLM-00184,PAT-0236,PRV-020,L70.0,36430,616.54,497.57,2026-01-18,Enhanced,True,True,False
CLM-00185,PAT-0023,PRV-023,C50.919,85025,88.55,65.94,2025-07-10,Basic,False,True,False
CLM-00186,PAT-0104,PRV-033,H52.4,99406,151.44,136.84,2025-10-19,Comprehensive,False,True,False
CLM-00187,PAT-0016,PRV-019,R50.9,90460,123.76,82.78,2026-05-17,Basic,False,True,False
CLM-00188,PAT-0181,PRV-001,F41.9,90792,579.51,389.48,2025-09-26,Comprehensive,False,True,False
CLM-00189,PAT-0222,PRV-019,I21.9,70450,1913.09,1679.38,2026-01-14,Basic,False,True,False
CLM-00190,PAT-0101,PRV-038,R05,99285,1820.29,1114.64,2025-11-03,Thiqa,False,True,False
CLM-00191,PAT-0098,PRV-026,L70.0,99213,154.53,113.46,2025-09-11,Basic,False,True,False
CLM-00192,PAT-0122,PRV-012,J18.9,36415,24.75,22.42,2025-07-03,Comprehensive,False,True,False
CLM-00193,PAT-0216,PRV-024,L20.9,99214,342.06,273.14,2025-10-17,Thiqa,False,True,False
CLM-00194,PAT-0035,PRV-009,I10,93000,226.0,170.61,2026-03-28,Enhanced,False,True,False
CLM-00195,PAT-0185,PRV-010,K59.00,99284,1225.74,796.43,2026-06-04,Comprehensive,False,True,False
CLM-00196,PAT-0022,PRV-009,J44.9,12002,688.1,533.32,2026-04-15,Thiqa,False,True,False
CLM-00197,PAT-0239,PRV-039,L70.0,96910,275.27,242.92,2026-05-11,Basic,False,True,False
CLM-00198,PAT-0131,PRV-030,L70.0,99406,85.17,68.3,2025-12-15,Enhanced,False,True,False
CLM-00199,PAT-0099,PRV-029,Z00.129,87880,117.31,103.91,2025-07-13,Thiqa,False,True,False
CLM-00200,PAT-0155,PRV-028,I50.9,99406,93.17,88.15,2025-09-18,Comprehensive,False,True,False
CLM-00201,PAT-0183,PRV-016,F41.9,99284,853.24,790.58,2025-11-28,Basic,False,True,False
CLM-00202,PAT-0148,PRV-035,Z00.129,90460,82.54,70.15,2026-05-24,Enhanced,False,True,False
CLM-00203,PAT-0124,PRV-037,T14.90,12002,692.76,589.68,2026-03-29,Enhanced,False,True,False
CLM-00204,PAT-0124,PRV-038,H10.9,80053,106.22,23.32,2026-05-24,Basic,False,True,True
CLM-00205,PAT-0187,PRV-010,T14.90,99406,99.14,75.81,2026-05-27,Basic,False,True,False
CLM-00206,PAT-0021,PRV-034,F32.9,99213,193.27,147.24,2025-07-05,Comprehensive,False,True,False
CLM-00207,PAT-0162,PRV-031,S06.0X0A,81001,61.35,38.87,2025-08-28,Basic,False,True,False
CLM-00208,PAT-0014,PRV-040,R50.9,12002,432.98,269.59,2026-01-30,Basic,False,True,False
CLM-00209,PAT-0121,PRV-001,K59.00,36430,1113.39,949.62,2026-04-15,Enhanced,True,True,False
CLM-00210,PAT-0147,PRV-031,T14.90,12002,600.38,384.57,2025-11-05,Basic,False,True,False
CLM-00211,PAT-0246,PRV-023,K02.9,81001,96.48,93.19,2026-06-03,Basic,False,True,False
CLM-00212,PAT-0010,PRV-011,T14.90,99285,2133.66,1433.28,2025-08-31,Basic,False,True,False
CLM-00213,PAT-0162,PRV-004,K59.00,74176,2966.33,2005.02,2026-05-21,Comprehensive,True,True,False
CLM-00214,PAT-0014,PRV-037,R05,36430,1015.76,855.47,2026-02-04,Enhanced,True,True,False
CLM-00215,PAT-0074,PRV-002,K21.9,74176,10611.2,2787.59,2026-04-17,Enhanced,True,True,True
CLM-00216,PAT-0020,PRV-033,H52.10,99214,225.82,219.09,2026-04-21,Comprehensive,False,True,False
CLM-00217,PAT-0158,PRV-009,O80,99284,673.65,565.61,2025-08-10,Basic,False,True,False
CLM-00218,PAT-0190,PRV-001,E11.65,36430,813.92,802.53,2026-05-18,Enhanced,True,True,False
CLM-00219,PAT-0190,PRV-038,J44.9,85025,86.05,74.76,2026-03-23,Basic,False,True,False
CLM-00220,PAT-0067,PRV-012,K08.9,36430,799.62,535.45,2025-10-08,Enhanced,True,True,False
CLM-00221,PAT-0205,PRV-012,F32.9,99203,265.72,182.08,2026-03-23,Basic,False,True,False
CLM-00222,PAT-0248,PRV-006,J30.9,95810,3968.96,3461.11,2026-03-05,Comprehensive,True,True,False
CLM-00223,PAT-0193,PRV-032,L30.9,99213,178.29,125.02,2026-04-27,Enhanced,False,True,False
CLM-00224,PAT-0186,PRV-029,R51,99406,119.9,112.22,2025-11-15,Enhanced,False,True,False
CLM-00225,PAT-0188,PRV-037,H52.10,92014,192.93,167.08,2026-04-14,Basic,False,True,False
CLM-00226,PAT-0194,PRV-017,H52.4,92014,236.72,150.8,2026-04-09,Enhanced,False,True,False
CLM-00227,PAT-0119,PRV-011,L30.9,99214,321.08,303.27,2025-11-04,Thiqa,False,True,False
CLM-00228,PAT-0192,PRV-031,K08.9,70450,1382.22,1380.15,2025-09-11,Thiqa,False,True,False
CLM-00229,PAT-0122,PRV-025,Z34.90,36430,1110.15,983.17,2025-08-12,Basic,True,True,False
CLM-00230,PAT-0004,PRV-028,O80,36415,55.1,49.34,2026-03-02,Basic,False,True,False
CLM-00231,PAT-0247,PRV-021,F32.9,90792,677.99,411.08,2025-09-01,Basic,False,True,False
CLM-00232,PAT-0164,PRV-035,J02.9,85025,55.0,43.1,2026-04-16,Basic,False,True,False
CLM-00233,PAT-0086,PRV-018,O80,59025,269.42,225.75,2026-05-10,Thiqa,False,True,False
CLM-00234,PAT-0168,PRV-017,C34.90,99285,2792.94,2103.96,2025-11-15,Enhanced,False,True,False
CLM-00235,PAT-0188,PRV-016,N39.0,99406,134.43,91.43,2026-05-15,Enhanced,False,True,False
CLM-00236,PAT-0087,PRV-034,B34.9,36415,30.13,29.98,2026-05-17,Enhanced,False,True,False
CLM-00237,PAT-0141,PRV-021,I63.9,93000,288.11,240.22,2026-01-25,Basic,False,True,False
CLM-00238,PAT-0004,PRV-005,L20.9,81001,94.92,89.6,2026-04-10,Enhanced,False,True,False
CLM-00239,PAT-0176,PRV-007,K29.70,99213,165.43,140.96,2026-01-03,Basic,False,True,False
CLM-00240,PAT-0065,PRV-019,M54.5,72148,3834.01,3120.92,2026-01-04,Basic,True,True,False
CLM-00241,PAT-0024,PRV-040,I50.9,99214,209.6,194.91,2026-05-31,Basic,False,True,False
CLM-00242,PAT-0164,PRV-039,E11.9,80053,171.86,116.94,2025-11-16,Basic,False,True,False
CLM-00243,PAT-0034,PRV-039,L70.0,12002,322.47,256.83,2025-11-12,Enhanced,False,True,False
CLM-00244,PAT-0206,PRV-037,J45.909,99213,148.1,131.1,2026-01-23,Comprehensive,False,True,False
CLM-00245,PAT-0076,PRV-017,K59.00,36430,808.19,536.79,2025-10-29,Basic,True,True,False
CLM-00246,PAT-0164,PRV-005,K29.70,12002,677.01,608.44,2026-01-18,Basic,False,True,False
CLM-00247,PAT-0178,PRV-028,R05,99213,188.51,121.43,2026-04-29,Thiqa,False,True,False
CLM-00248,PAT-0200,PRV-011,E03.9,12002,669.82,520.67,2026-01-12,Basic,False,True,False
CLM-00249,PAT-0098,PRV-004,L30.9,11102,374.91,278.0,2025-11-30,Enhanced,False,True,False
CLM-00250,PAT-0245,PRV-017,H52.10,66984,13624.93,12585.75,2025-11-30,Thiqa,True,True,False
CLM-00251,PAT-0018,PRV-029,K21.9,85025,78.35,62.86,2025-10-18,Thiqa,False,True,False
CLM-00252,PAT-0046,PRV-026,R10.9,81001,59.12,56.84,2025-10-05,Comprehensive,False,True,False
CLM-00253,PAT-0139,PRV-010,K02.9,99203,250.44,169.68,2025-10-17,Basic,False,True,False
CLM-00254,PAT-0165,PRV-040,E66.9,70450,1821.7,1718.78,2025-09-25,Comprehensive,False,True,False
CLM-00255,PAT-0027,PRV-017,I10,93458,8132.51,6373.25,2026-05-09,Thiqa,True,True,False
CLM-00256,PAT-0027,PRV-017,F41.9,96127,126.89,35.22,2026-05-09,Thiqa,False,True,True
CLM-00257,PAT-0027,PRV-017,L30.9,11102,330.36,15.53,2026-05-09,Thiqa,False,True,True
CLM-00258,PAT-0168,PRV-010,Z00.00,99214,329.45,267.76,2025-10-12,Basic,False,True,False
CLM-00259,PAT-0069,PRV-025,J06.9,36415,26.45,16.75,2025-10-02,Thiqa,False,True,False
CLM-00260,PAT-0001,PRV-037,F41.9,99285,2518.34,2399.13,2026-02-20,Basic,False,True,False
CLM-00261,PAT-0104,PRV-028,H10.9,12002,388.94,314.14,2025-10-23,Basic,False,True,False
CLM-00262,PAT-0139,PRV-005,M54.5,81001,50.02,34.89,2026-01-22,Enhanced,False,True,False
CLM-00263,PAT-0032,PRV-031,C34.90,99203,210.74,207.36,2025-10-26,Basic,False,True,False
CLM-00264,PAT-0103,PRV-020,I63.9,93458,12157.75,9925.13,2025-11-14,Enhanced,True,True,False
CLM-00265,PAT-0137,PRV-024,H52.10,92310,388.4,264.68,2025-12-22,Thiqa,False,True,False
CLM-00266,PAT-0195,PRV-030,K02.9,99203,301.87,257.36,2025-11-18,Basic,False,True,False
CLM-00267,PAT-0142,PRV-012,I48.91,99214,304.49,243.07,2026-01-21,Enhanced,False,True,False
CLM-00268,PAT-0179,PRV-020,L20.9,36415,25.71,22.54,2026-04-21,Comprehensive,False,True,False
CLM-00269,PAT-0125,PRV-023,E66.9,70450,1741.28,1517.63,2026-05-21,Basic,False,True,False
CLM-00270,PAT-0036,PRV-013,I21.9,93000,212.89,129.28,2025-10-11,Thiqa,False,True,False
CLM-00271,PAT-0062,PRV-038,K29.70,45378,5356.36,5111.3,2025-07-25,Thiqa,True,True,False
CLM-00272,PAT-0165,PRV-035,O80,77301,11039.27,3194.52,2026-04-08,Basic,True,True,True
CLM-00273,PAT-0248,PRV-035,H52.10,92014,1375.54,480.98,2026-05-17,Enhanced,False,True,True
CLM-00274,PAT-0087,PRV-003,I25.10,93306,1066.9,832.73,2026-06-29,Basic,True,True,False
CLM-00275,PAT-0031,PRV-026,M79.7,12002,486.52,306.64,2026-03-28,Basic,False,True,False
CLM-00276,PAT-0241,PRV-030,N39.0,85025,51.24,36.5,2026-02-17,Enhanced,False,True,False
CLM-00277,PAT-0060,PRV-038,E11.9,70450,1865.09,1409.56,2025-11-13,Basic,False,True,False
CLM-00278,PAT-0126,PRV-010,Z00.00,36415,53.92,44.12,2026-04-18,Enhanced,False,True,False
CLM-00279,PAT-0012,PRV-040,M79.7,97110,156.32,144.05,2025-09-20,Comprehensive,False,True,False
CLM-00280,PAT-0045,PRV-001,Z00.00,99214,283.86,206.78,2026-02-06,Enhanced,False,True,False
CLM-00281,PAT-0117,PRV-007,C50.919,99406,802.52,195.3,2025-12-29,Basic,False,True,True
CLM-00282,PAT-0017,PRV-038,E11.65,71260,2289.21,601.36,2025-11-09,Thiqa,True,True,True
CLM-00283,PAT-0153,PRV-032,K08.9,D7140,382.73,356.91,2026-06-12,Thiqa,False,True,False
CLM-00284,PAT-0110,PRV-013,R50.9,36415,45.28,28.9,2026-06-13,Thiqa,False,True,False
CLM-00285,PAT-0110,PRV-013,Z00.129,99392,232.26,6.17,2026-06-13,Thiqa,False,True,True
CLM-00286,PAT-0110,PRV-013,K02.9,D2140,391.63,91.44,2026-06-13,Thiqa,False,True,True
CLM-00287,PAT-0110,PRV-013,J30.9,94010,395.49,118.92,2026-06-13,Thiqa,False,True,True
CLM-00288,PAT-0086,PRV-012,E11.9,99214,313.78,190.1,2026-05-10,Thiqa,False,True,False
CLM-00289,PAT-0194,PRV-010,L20.9,70450,8969.01,609.47,2025-08-13,Basic,False,True,True
CLM-00290,PAT-0142,PRV-024,J44.9,99203,234.71,155.72,2026-02-05,Basic,False,True,False
CLM-00291,PAT-0011,PRV-038,J45.909,36415,46.17,44.12,2026-04-03,Basic,False,True,False
CLM-00292,PAT-0005,PRV-011,K21.9,43235,2969.43,2632.57,2025-08-31,Enhanced,True,True,False
CLM-00293,PAT-0046,PRV-001,E03.9,99284,1070.8,721.88,2025-07-08,Basic,False,True,False
CLM-00294,PAT-0046,PRV-001,K08.9,D2740,1865.35,317.0,2025-07-08,Basic,True,True,True
CLM-00295,PAT-0046,PRV-001,J06.9,71046,331.57,67.25,2025-07-08,Basic,False,True,True
CLM-00296,PAT-0116,PRV-034,L20.9,96910,296.17,193.54,2025-09-19,Basic,False,True,False
CLM-00297,PAT-0178,PRV-040,I50.9,99213,185.95,170.79,2026-04-05,Enhanced,False,True,False
CLM-00298,PAT-0157,PRV-032,E03.9,99203,254.66,217.66,2026-04-20,Basic,False,True,False
CLM-00299,PAT-0002,PRV-027,F32.9,99213,152.45,107.9,2025-08-30,Thiqa,False,True,False
CLM-00300,PAT-0136,PRV-008,E03.9,99406,101.87,85.38,2025-10-18,Basic,False,True,False
CLM-00301,PAT-0130,PRV-035,M75.100,62323,2444.84,1650.48,2026-01-23,Basic,True,True,False
CLM-00302,PAT-0014,PRV-018,M54.5,97110,212.18,140.09,2026-06-22,Basic,False,True,False
CLM-00303,PAT-0128,PRV-031,J18.9,71046,201.92,123.87,2025-12-12,Basic,False,True,False
CLM-00304,PAT-0166,PRV-004,J02.9,99213,202.43,172.47,2025-12-10,Comprehensive,False,True,False
CLM-00305,PAT-0065,PRV-028,R50.9,12002,429.21,411.68,2025-12-23,Comprehensive,False,True,False
CLM-00306,PAT-0012,PRV-030,E11.9,36430,1188.98,1030.5,2026-02-17,Comprehensive,True,True,False
CLM-00307,PAT-0046,PRV-035,J45.909,99406,104.9,87.14,2026-03-21,Basic,False,True,False
CLM-00308,PAT-0030,PRV-033,E11.65,70450,1809.32,1739.19,2025-12-23,Basic,False,True,False
CLM-00309,PAT-0152,PRV-029,C34.90,99284,1245.33,1174.61,2025-09-29,Comprehensive,False,True,False
CLM-00310,PAT-0192,PRV-013,R05,36430,1056.93,768.64,2025-12-10,Comprehensive,True,True,False
CLM-00311,PAT-0084,PRV-008,M54.5,99213,204.92,156.23,2026-01-03,Comprehensive,False,True,False
CLM-00312,PAT-0223,PRV-027,M75.100,99213,151.22,91.68,2026-04-30,Basic,False,True,False
CLM-00313,PAT-0121,PRV-005,C34.90,77067,753.08,544.92,2025-10-22,Basic,False,True,False
CLM-00314,PAT-0038,PRV-028,M25.561,36415,44.78,36.96,2026-03-13,Basic,False,True,False
CLM-00315,PAT-0100,PRV-012,Z00.129,99285,1924.2,1455.15,2026-06-06,Enhanced,False,True,False
CLM-00316,PAT-0162,PRV-013,J02.9,99213,195.67,152.02,2025-07-29,Basic,False,True,False
CLM-00317,PAT-0033,PRV-022,I63.9,93306,983.1,954.86,2025-11-30,Thiqa,True,True,False
CLM-00318,PAT-0035,PRV-018,E66.9,99285,2313.35,1973.82,2025-12-30,Comprehensive,False,True,False
CLM-00319,PAT-0044,PRV-027,K02.9,99284,1384.89,1190.73,2025-11-26,Enhanced,False,True,False
CLM-00320,PAT-0155,PRV-019,J30.9,99213,179.32,111.42,2025-12-13,Thiqa,False,True,False
CLM-00321,PAT-0249,PRV-037,F32.9,90792,838.77,628.45,2025-12-02,Enhanced,False,True,False
CLM-00322,PAT-0220,PRV-027,F41.9,99406,143.16,89.01,2026-04-03,Comprehensive,False,True,False
CLM-00323,PAT-0152,PRV-014,K29.70,99214,297.3,211.12,2026-06-10,Enhanced,False,True,False
CLM-00324,PAT-0187,PRV-001,L70.0,99406,161.03,123.27,2025-09-02,Basic,False,True,False
CLM-00325,PAT-0064,PRV-016,J02.9,85025,96.38,75.29,2026-01-30,Basic,False,True,False
CLM-00326,PAT-0229,PRV-015,C50.919,36430,619.97,484.46,2025-10-20,Comprehensive,True,True,False
CLM-00327,PAT-0230,PRV-037,I10,90834,588.28,126.11,2025-07-20,Enhanced,False,True,True
CLM-00328,PAT-0011,PRV-003,K59.00,12002,652.65,544.18,2025-10-02,Enhanced,False,True,False
CLM-00329,PAT-0009,PRV-033,L70.0,99284,1337.05,1114.13,2026-05-18,Thiqa,False,True,False
CLM-00330,PAT-0208,PRV-031,K08.9,99406,85.2,52.2,2026-04-25,Enhanced,False,True,False
CLM-00331,PAT-0062,PRV-032,E11.9,70450,1567.53,1492.9,2026-01-25,Enhanced,False,True,False
CLM-00332,PAT-0244,PRV-027,M17.9,99285,2274.2,1820.79,2026-05-14,Comprehensive,False,True,False
CLM-00333,PAT-0062,PRV-019,Z00.00,99213,193.74,138.45,2025-12-02,Comprehensive,False,True,False
CLM-00334,PAT-0172,PRV-031,Z34.90,12002,312.01,299.2,2025-12-26,Thiqa,False,True,False
CLM-00335,PAT-0192,PRV-037,C50.919,99285,2314.18,2259.36,2025-10-27,Enhanced,False,True,False
CLM-00336,PAT-0198,PRV-030,E66.9,45378,4216.27,667.79,2026-04-02,Thiqa,True,True,True
CLM-00337,PAT-0203,PRV-012,H52.10,36415,57.52,36.47,2026-04-24,Thiqa,False,True,False
CLM-00338,PAT-0181,PRV-030,Z00.00,99203,209.51,144.93,2025-09-09,Enhanced,False,True,False
CLM-00339,PAT-0229,PRV-025,T14.90,99285,2896.29,1824.46,2026-06-23,Enhanced,False,True,False
CLM-00340,PAT-0110,PRV-019,K02.9,99203,316.23,285.78,2025-09-22,Enhanced,False,True,False
CLM-00341,PAT-0159,PRV-006,R50.9,36430,606.96,414.5,2026-04-22,Comprehensive,True,True,False
CLM-00342,PAT-0132,PRV-004,R05,99214,234.88,153.11,2025-10-01,Enhanced,False,True,False
CLM-00343,PAT-0099,PRV-008,J02.9,85025,78.3,56.45,2025-08-18,Basic,False,True,False
CLM-00344,PAT-0094,PRV-003,Z00.129,36415,52.36,34.49,2026-04-08,Comprehensive,False,True,False
CLM-00345,PAT-0181,PRV-036,E11.65,84443,95.49,60.45,2026-06-09,Basic,False,True,False
CLM-00346,PAT-0062,PRV-022,F32.9,36415,42.54,39.2,2025-07-11,Enhanced,False,True,False
CLM-00347,PAT-0189,PRV-031,K08.9,99284,1004.41,660.53,2026-03-23,Basic,False,True,False
CLM-00348,PAT-0091,PRV-021,O26.90,70450,1091.67,1037.26,2025-10-20,Enhanced,False,True,False
CLM-00349,PAT-0014,PRV-018,E03.9,99203,222.9,207.06,2026-02-08,Enhanced,False,True,False
CLM-00350,PAT-0125,PRV-029,F32.9,99285,1854.86,1254.42,2025-12-31,Basic,False,True,False
CLM-00351,PAT-0174,PRV-035,H10.9,36430,1133.77,1071.28,2025-07-18,Basic,True,True,False
CLM-00352,PAT-0116,PRV-019,C34.90,12002,350.54,289.2,2026-05-15,Basic,False,True,False
CLM-00353,PAT-0049,PRV-005,K21.9,45378,4300.14,3421.87,2025-08-09,Thiqa,True,True,False
CLM-00354,PAT-0230,PRV-026,J06.9,94640,137.98,129.05,2026-05-28,Thiqa,False,True,False
CLM-00355,PAT-0043,PRV-007,Z34.90,58150,26995.77,23740.41,2026-02-12,Enhanced,True,True,False
CLM-00356,PAT-0039,PRV-032,H52.4,81001,47.56,32.27,2026-02-09,Enhanced,False,True,False
CLM-00357,PAT-0076,PRV-002,L70.0,81001,70.61,63.16,2026-02-14,Comprehensive,False,True,False
CLM-00358,PAT-0122,PRV-009,J02.9,99285,2360.54,1633.33,2026-03-27,Enhanced,False,True,False
CLM-00359,PAT-0075,PRV-002,M54.5,72148,3631.53,2370.16,2026-04-07,Enhanced,True,True,False
CLM-00360,PAT-0214,PRV-015,F41.9,99284,822.91,565.74,2025-08-22,Comprehensive,False,True,False
CLM-00361,PAT-0088,PRV-038,K02.9,62323,2645.11,610.08,2026-02-11,Basic,True,True,True
CLM-00362,PAT-0125,PRV-021,C34.90,99285,1457.4,1092.79,2026-05-14,Enhanced,False,True,False
CLM-00363,PAT-0146,PRV-020,J06.9,99213,128.7,105.88,2026-03-13,Thiqa,False,True,False
CLM-00364,PAT-0059,PRV-017,K29.70,99214,250.65,249.5,2026-03-12,Thiqa,False,True,False
CLM-00365,PAT-0038,PRV-004,J02.9,99285,1592.77,1512.54,2026-04-13,Basic,False,True,False
CLM-00366,PAT-0159,PRV-011,J30.9,99285,2322.26,1950.96,2025-07-13,Basic,False,True,False
CLM-00367,PAT-0250,PRV-012,J18.9,99213,143.21,101.13,2026-01-21,Basic,False,True,False
CLM-00368,PAT-0030,PRV-016,I25.10,93017,935.16,915.9,2026-03-30,Enhanced,True,True,False
CLM-00369,PAT-0067,PRV-029,Z00.129,99213,140.75,97.86,2026-05-24,Comprehensive,False,True,False
CLM-00370,PAT-0182,PRV-036,I63.9,81001,67.98,61.47,2026-02-14,Comprehensive,False,True,False
CLM-00371,PAT-0038,PRV-023,J02.9,81001,85.63,68.95,2025-07-02,Basic,False,True,False
CLM-00372,PAT-0137,PRV-011,Z34.90,59400,14155.59,13179.15,2025-07-13,Thiqa,True,True,False
CLM-00373,PAT-0239,PRV-026,K21.9,99285,1568.01,1154.31,2025-10-02,Basic,False,True,False
CLM-00374,PAT-0040,PRV-021,I10,D7140,484.51,90.76,2025-10-24,Enhanced,False,True,True
CLM-00375,PAT-0085,PRV-033,B34.9,99214,207.54,127.42,2025-08-22,Thiqa,False,True,False
CLM-00376,PAT-0230,PRV-031,O26.90,58150,28925.75,26565.49,2026-05-04,Enhanced,True,False,False
CLM-00377,PAT-0187,PRV-037,K29.70,70450,1161.23,719.78,2026-01-24,Thiqa,False,True,False
CLM-00378,PAT-0188,PRV-008,K21.9,74176,2875.79,2428.05,2025-09-10,Thiqa,True,True,False
CLM-00379,PAT-0030,PRV-036,Z34.90,36415,42.74,36.78,2025-11-16,Basic,False,True,False
CLM-00380,PAT-0216,PRV-040,M75.100,99285,2741.69,2560.81,2026-02-06,Basic,False,True,False
CLM-00381,PAT-0084,PRV-006,I50.9,99214,209.92,127.56,2026-06-07,Comprehensive,False,True,False
CLM-00382,PAT-0135,PRV-038,S52.501A,62323,1340.08,1028.42,2026-05-06,Thiqa,True,True,False
CLM-00383,PAT-0022,PRV-002,F41.9,36415,58.46,50.69,2025-11-26,Basic,False,True,False
CLM-00384,PAT-0022,PRV-002,C34.90,77067,718.55,171.67,2025-11-26,Basic,False,True,True
CLM-00385,PAT-0022,PRV-002,J06.9,71260,2610.75,200.83,2025-11-26,Basic,True,True,True
CLM-00386,PAT-0155,PRV-039,F32.9,36430,1357.73,1216.02,2025-08-07,Basic,True,False,False
CLM-00387,PAT-0102,PRV-024,J44.9,85025,77.18,60.37,2026-04-25,Basic,False,True,False
CLM-00388,PAT-0102,PRV-024,Z00.129,99392,257.41,72.72,2026-04-25,Basic,False,True,True
CLM-00389,PAT-0102,PRV-024,S52.501A,29881,20717.65,8205.09,2026-04-25,Basic,True,True,True
CLM-00390,PAT-0102,PRV-024,O26.90,59025,212.38,28.88,2026-04-25,Basic,False,True,True
CLM-00391,PAT-0056,PRV-006,T14.90,12002,404.42,298.2,2026-04-10,Basic,False,True,False
CLM-00392,PAT-0074,PRV-029,J44.9,70450,1398.1,949.86,2026-01-24,Thiqa,False,True,False
CLM-00393,PAT-0214,PRV-009,C50.919,77301,15142.55,14949.19,2025-12-31,Basic,True,True,False
CLM-00394,PAT-0078,PRV-014,K59.00,99203,206.52,124.33,2026-04-16,Enhanced,False,True,False
CLM-00395,PAT-0239,PRV-005,C34.90,96413,4253.53,3535.35,2025-09-11,Basic,True,True,False
CLM-00396,PAT-0105,PRV-001,R05,81001,46.89,45.79,2025-07-05,Comprehensive,False,True,False
CLM-00397,PAT-0143,PRV-012,K59.00,85025,67.0,57.98,2025-12-10,Thiqa,False,True,False
CLM-00398,PAT-0052,PRV-009,J44.9,99285,2741.04,2035.79,2025-12-09,Enhanced,False,True,False
CLM-00399,PAT-0126,PRV-036,E78.5,99285,1764.98,1546.87,2025-11-09,Thiqa,False,True,False
CLM-00400,PAT-0078,PRV-038,K59.00,70450,1702.68,1661.97,2025-09-27,Basic,False,True,False
